Leader,Follower,Shift,Correlation
AAPL,GOOGL,5,0.713532607723417
AAPL,GOOGL,15,0.7342627632740325
AAPL,GOOGL,25,0.7137235003431128
AAPL,HD,5,0.7562524935567366
AAPL,HD,15,0.8608773238601478
AAPL,HD,25,0.7003637607174413
TMO,AAPL,5,0.7564039246702929
TMO,AAPL,15,0.8259250045691485
TMO,AAPL,25,0.7708387425994668
AAPL,LOW,5,0.7058701687534631
AAPL,LOW,15,0.8286258544095269
AAPL,LOW,25,0.7191283949772835
AAPL,USB,5,0.7040236405486254
AAPL,USB,15,0.7914910579555624
AAPL,USB,25,0.7521762006358496
GOOGL,MSFT,5,0.7344212996252559
GOOGL,MSFT,15,0.7968151030499413
GOOGL,MSFT,25,0.8390295921401946
MSFT,NVDA,5,0.88251355397501
MSFT,NVDA,15,0.7810582460868783
NVDA,MSFT,5,0.930286334523336
NVDA,MSFT,15,0.9450168127947536
NVDA,MSFT,25,0.8829652936753849
META,MSFT,5,0.855041233778225
META,MSFT,15,0.8510456885375047
META,MSFT,25,0.8155836771863263
MSFT,JPM,5,0.8507519141965684
MSFT,JPM,15,0.7718755171809147
JPM,MSFT,5,0.8831910880053666
JPM,MSFT,15,0.8688030625479629
JPM,MSFT,25,0.8469170389816946
MSFT,AVGO,5,0.8644585547182481
MSFT,AVGO,15,0.7828337529479286
AVGO,MSFT,5,0.9032984439967806
AVGO,MSFT,15,0.9051188098007434
AVGO,MSFT,25,0.8723016760908817
MSFT,ORCL,5,0.8532174861986451
MSFT,ORCL,15,0.7654540131756654
ORCL,MSFT,5,0.8894769003483695
ORCL,MSFT,15,0.895088483317198
ORCL,MSFT,25,0.9036227366708848
MSFT,CSCO,5,0.8182586441905799
MSFT,CSCO,15,0.7280033554931507
CSCO,MSFT,5,0.8707804005552454
CSCO,MSFT,15,0.8574664063570364
CSCO,MSFT,25,0.8024982001294545
MSFT,NFLX,5,0.7969128687013852
MSFT,NFLX,15,0.8160945302066653
MSFT,NFLX,25,0.802519396908776
AMD,MSFT,5,0.8155076782234899
AMD,MSFT,15,0.8394712721997395
AMD,MSFT,25,0.8185330424884313
CAT,MSFT,5,0.8228722747318117
CAT,MSFT,15,0.8444935008539409
CAT,MSFT,25,0.8598507575553596
MS,MSFT,5,0.8687218035358105
MS,MSFT,15,0.873641841498215
MS,MSFT,25,0.8726379454464134
MSFT,INTU,5,0.7613967614614378
MSFT,INTU,15,0.7928817215085029
MSFT,INTU,25,0.7729171224955801
MSFT,GS,5,0.8497819780043626
MSFT,GS,15,0.7402251709815855
GS,MSFT,5,0.9036655134247814
GS,MSFT,15,0.9063801866281748
GS,MSFT,25,0.9041998931128592
MSFT,RTX,5,0.8229626127957042
MSFT,RTX,15,0.7850457798581131
MSFT,RTX,25,0.7552987871239079
RTX,MSFT,5,0.8347791942717789
RTX,MSFT,15,0.8295591980302971
RTX,MSFT,25,0.8179327683167572
BLK,MSFT,5,0.9027535868524288
BLK,MSFT,15,0.8918097084907164
BLK,MSFT,25,0.8803517360693534
MSFT,GE,5,0.85592000800316
MSFT,GE,15,0.8198502204776643
MSFT,GE,25,0.7818204329788583
GE,MSFT,5,0.8583454969135424
GE,MSFT,15,0.8292276833321022
GE,MSFT,25,0.7848578824896483
ADI,MSFT,5,0.8106125183239515
ADI,MSFT,15,0.8070837896641139
ADI,MSFT,25,0.7839207544189886
MSFT,BKNG,5,0.8584561974342161
MSFT,BKNG,15,0.8678717225341052
MSFT,BKNG,25,0.7864947756574401
MSFT,C,5,0.8351720446236981
MSFT,C,15,0.7151200983311439
C,MSFT,5,0.8921556518383467
C,MSFT,15,0.9076916072600912
C,MSFT,25,0.9127035071800746
MSFT,LRCX,5,0.7975658955985102
MSFT,LRCX,15,0.7303548598835709
LRCX,MSFT,5,0.813277573589209
LRCX,MSFT,15,0.8136931482360846
LRCX,MSFT,25,0.8088694132184575
MSFT,MO,5,0.7493925196209332
MSFT,MO,15,0.7588783153719266
MSFT,MO,25,0.7788442489216401
MO,MSFT,5,0.7361788052103845
MO,MSFT,15,0.7158813977337766
MSFT,SCHW,5,0.8953752946300843
MSFT,SCHW,15,0.8507782562039252
MSFT,SCHW,25,0.7818571627427399
SCHW,MSFT,5,0.8872915391280833
SCHW,MSFT,15,0.8122577626594866
SCHW,MSFT,25,0.7353839628655512
AXP,MSFT,5,0.7741336714053088
AXP,MSFT,15,0.7631076292678122
AXP,MSFT,25,0.7532608059767403
CSX,MSFT,5,0.7038035591428548
CSX,MSFT,15,0.7544621197012614
CSX,MSFT,25,0.775339737862411
NSC,MSFT,5,0.8500491150431705
NSC,MSFT,15,0.8772941810437354
NSC,MSFT,25,0.8942258943425485
EMR,MSFT,5,0.8028002652398972
EMR,MSFT,15,0.7760284553632143
EMR,MSFT,25,0.7394113921390396
MSFT,COF,5,0.8204595867509733
MSFT,COF,15,0.7361757154451803
COF,MSFT,5,0.8606943895627687
COF,MSFT,15,0.8327130005633627
COF,MSFT,25,0.8199247456532853
GOOGL,NVDA,5,0.8127105686793281
GOOGL,NVDA,15,0.8579619840333675
GOOGL,NVDA,25,0.8821503727996546
GOOGL,JPM,5,0.7530040076195518
GOOGL,JPM,15,0.7595544837683385
GOOGL,JPM,25,0.7154557247711889
GOOGL,AVGO,5,0.8507014230815222
GOOGL,AVGO,15,0.8226430593364555
GOOGL,AVGO,25,0.7933693274967488
GOOGL,ORCL,5,0.850716714490843
GOOGL,ORCL,15,0.8492960484603568
GOOGL,ORCL,25,0.8766058120002027
ORCL,GOOGL,5,0.8294385234792991
ORCL,GOOGL,15,0.7191549542428949
INTC,GOOGL,5,0.7663226728740529
INTC,GOOGL,15,0.8464403441521533
INTC,GOOGL,25,0.8134101667056066
GOOGL,AMD,5,0.8000572271839654
GOOGL,AMD,15,0.8220371896557969
GOOGL,AMD,25,0.8709414232985666
AMD,GOOGL,5,0.7688956805247993
AMD,GOOGL,15,0.7491900635079918
GOOGL,CAT,5,0.8778666177773904
GOOGL,CAT,15,0.852800274656284
GOOGL,CAT,25,0.8240724208622222
CAT,GOOGL,5,0.8607147561678485
CAT,GOOGL,15,0.8139401700563085
CAT,GOOGL,25,0.7099030828304775
GOOGL,MS,5,0.8563715251252494
GOOGL,MS,15,0.8350365621363686
GOOGL,MS,25,0.7710475666937978
MS,GOOGL,5,0.8530975182454147
MS,GOOGL,15,0.7605110996584686
GOOGL,GS,5,0.8349292390442633
GOOGL,GS,15,0.8374433073645721
GOOGL,GS,25,0.7997260517226509
GS,GOOGL,5,0.8173259305122357
GS,GOOGL,15,0.7178527793694675
GOOGL,BLK,5,0.8426945551638373
GOOGL,BLK,15,0.8687396660635955
GOOGL,BLK,25,0.8625737575656817
GOOGL,C,5,0.8226678092402354
GOOGL,C,15,0.8150233274758266
GOOGL,C,25,0.7718950143949611
C,GOOGL,5,0.8031414036869385
C,GOOGL,15,0.7063773032511416
GOOGL,LRCX,5,0.8437472642434041
GOOGL,LRCX,15,0.8071922806168885
GOOGL,LRCX,25,0.784313795705362
LRCX,GOOGL,5,0.859443654012802
LRCX,GOOGL,15,0.8217321134666057
LRCX,GOOGL,25,0.7064731689267593
GOOGL,AXP,5,0.8052544842274675
GOOGL,AXP,15,0.7500311763714322
AXP,GOOGL,5,0.8023413511819665
AXP,GOOGL,15,0.7056234022035929
GOOGL,GM,5,0.8105193955134979
GOOGL,GM,15,0.8401340859087592
GOOGL,GM,25,0.7856737770359145
GM,GOOGL,5,0.7737165731409898
GM,GOOGL,15,0.7110014271750991
GOOGL,NSC,5,0.7894189471554143
GOOGL,NSC,15,0.8052463846445087
GOOGL,NSC,25,0.7978756450212032
NSC,GOOGL,5,0.7640184669554486
NSC,GOOGL,15,0.7138190521859898
GOOGL,COF,5,0.7039836724264841
GOOGL,COF,15,0.7432590833237906
GOOGL,COF,25,0.705899036237275
NVDA,META,5,0.7809521165776883
NVDA,META,15,0.7284628510287475
META,NVDA,5,0.784464817765653
META,NVDA,15,0.7532480571408086
NVDA,JPM,5,0.8299274267771761
NVDA,JPM,15,0.8208894056721874
NVDA,JPM,25,0.7479827549595163
JPM,NVDA,5,0.8338167720985151
JPM,NVDA,15,0.7649721068794256
JPM,NVDA,25,0.7142520232556568
NVDA,AVGO,5,0.866819360823169
NVDA,AVGO,15,0.8407294633424631
NVDA,AVGO,25,0.7660145781393433
AVGO,NVDA,5,0.8390786783869352
AVGO,NVDA,15,0.818205381649773
AVGO,NVDA,25,0.7837934616291822
NVDA,ORCL,5,0.9122784584668948
NVDA,ORCL,15,0.8739931155243668
NVDA,ORCL,25,0.7667774765916515
ORCL,NVDA,5,0.9106324896520068
ORCL,NVDA,15,0.872670568499949
ORCL,NVDA,25,0.823627179487719
NVDA,CSCO,5,0.7829085914487677
NVDA,CSCO,15,0.7582518423667768
NVDA,CSCO,25,0.7077409297179488
CSCO,NVDA,5,0.7924327361057256
CSCO,NVDA,15,0.7199413652899604
NVDA,AMD,5,0.8670224521932716
NVDA,AMD,15,0.8314374293589878
NVDA,AMD,25,0.7108905314462827
AMD,NVDA,5,0.8819355370294585
AMD,NVDA,15,0.8487587247177254
AMD,NVDA,25,0.7728184601440231
NVDA,CAT,5,0.8701656679312928
NVDA,CAT,15,0.7974057605368849
CAT,NVDA,5,0.9027492453216458
CAT,NVDA,15,0.8810572954228645
CAT,NVDA,25,0.8278014535713976
NVDA,MS,5,0.8627018548603212
NVDA,MS,15,0.8034808581842232
MS,NVDA,5,0.8920705814619764
MS,NVDA,15,0.8443299120136549
MS,NVDA,25,0.8080360391918308
NVDA,GS,5,0.8783787740033719
NVDA,GS,15,0.8376227359793619
NVDA,GS,25,0.7255654403935552
GS,NVDA,5,0.9015882997494482
GS,NVDA,15,0.8533299248968225
GS,NVDA,25,0.8115080293904783
NVDA,RTX,5,0.7950672290597284
NVDA,RTX,15,0.7997732010690115
NVDA,RTX,25,0.7772171216919543
RTX,NVDA,5,0.7812371773113385
RTX,NVDA,15,0.7443360369765922
NVDA,BLK,5,0.8985129445001233
NVDA,BLK,15,0.8348992442935306
BLK,NVDA,5,0.9401889733122532
BLK,NVDA,15,0.8908179834275963
BLK,NVDA,25,0.8337998972959351
NVDA,GE,5,0.8115805381297856
NVDA,GE,15,0.8207228358572295
NVDA,GE,25,0.8043356599987699
GE,NVDA,5,0.7820909019742464
GE,NVDA,15,0.7111373622553274
NVDA,ADI,5,0.779596781316092
NVDA,ADI,15,0.7491666435626188
ADI,NVDA,5,0.8066618729083314
ADI,NVDA,15,0.7190992755262802
NVDA,BKNG,5,0.7667369410050441
NVDA,BKNG,15,0.8545082511637357
NVDA,BKNG,25,0.845992493980126
NVDA,C,5,0.8504816941509742
NVDA,C,15,0.8079570720275939
NVDA,C,25,0.7022926565264802
C,NVDA,5,0.8809391206116992
C,NVDA,15,0.8434616858680399
C,NVDA,25,0.8146449787580118
NVDA,LRCX,5,0.83219847666848
NVDA,LRCX,15,0.8061937935963317
NVDA,LRCX,25,0.7750197326441355
LRCX,NVDA,5,0.8142275600170508
LRCX,NVDA,15,0.7854517994752305
LRCX,NVDA,25,0.7595959544696321
NVDA,SCHW,5,0.8131454775212168
NVDA,SCHW,15,0.8489135759584511
NVDA,SCHW,25,0.8256736062158726
AXP,NVDA,5,0.784502135252146
AXP,NVDA,15,0.7460507879895469
AXP,NVDA,25,0.7154720375256123
GM,NVDA,5,0.8021979716666656
GM,NVDA,15,0.8324698143189612
GM,NVDA,25,0.8386394840303234
CSX,NVDA,5,0.811579209645112
CSX,NVDA,15,0.7765192746271247
CSX,NVDA,25,0.7040355192786033
NVDA,NSC,5,0.8856561948679703
NVDA,NSC,15,0.7908647283840985
NSC,NVDA,5,0.9219421187136684
NSC,NVDA,15,0.8766977757242854
NSC,NVDA,25,0.8070420916176733
NVDA,EMR,5,0.78592622105243
NVDA,EMR,15,0.7443063392811138
EMR,NVDA,5,0.8048701412379353
EMR,NVDA,15,0.7218980966762614
NVDA,COF,5,0.7993445238222808
NVDA,COF,15,0.8114504681558097
NVDA,COF,25,0.707600379699815
COF,NVDA,5,0.8204019248872532
COF,NVDA,15,0.7364373280939644
META,JPM,5,0.8912208784716894
META,JPM,15,0.8052178123077178
JPM,META,5,0.8602354614735092
JPM,META,15,0.7483957125849253
META,AVGO,5,0.858417657678254
META,AVGO,15,0.8082379705257144
META,AVGO,25,0.7408386518961779
AVGO,META,5,0.8272415074927002
AVGO,META,15,0.747834499678967
ORCL,META,5,0.7865840811854232
ORCL,META,15,0.7635351119261151
ORCL,META,25,0.7450922639507338
META,CSCO,5,0.8612844069104268
META,CSCO,15,0.7454527356477073
CSCO,META,5,0.8813939844596062
CSCO,META,15,0.7934546028444097
META,NFLX,5,0.7717080230700715
META,NFLX,15,0.7510793233489707
META,NFLX,25,0.721766361185822
META,MS,5,0.8442611929770208
META,MS,15,0.7383017677391533
MS,META,5,0.8079090562335967
MS,META,15,0.7076310735663845
META,GS,5,0.8741357253162879
META,GS,15,0.7634041951348188
GS,META,5,0.864839344308493
GS,META,15,0.7788738378487573
META,RTX,5,0.780611441638242
META,RTX,15,0.7047892635930048
RTX,META,5,0.79115197878097
RTX,META,15,0.787563948200248
RTX,META,25,0.7694164699395536
BLK,META,5,0.7467956324853179
BLK,META,15,0.7012919987973427
MDT,META,5,0.7436127408889515
MDT,META,15,0.8221747228334605
MDT,META,25,0.8316211166487529
META,GE,5,0.8244383026430981
META,GE,15,0.7514807146485988
GE,META,5,0.8038143628501094
GE,META,15,0.755930187174126
ADI,META,5,0.8151925078387773
ADI,META,15,0.7236230042482392
META,BKNG,5,0.7349481330699414
META,BKNG,15,0.7699350457527976
META,BKNG,25,0.7568983642211305
META,C,5,0.8852363931660592
META,C,15,0.7738615782158186
C,META,5,0.8822853110535865
C,META,15,0.8026623156993908
C,META,25,0.7201565933166597
LRCX,META,5,0.7480377891008824
LRCX,META,15,0.7285039515820163
LRCX,META,25,0.7142574067598462
META,SCHW,5,0.8582429412934975
META,SCHW,15,0.8094074317591203
NSC,META,5,0.7489982745140188
NSC,META,15,0.729509888095527
META,COF,5,0.8887755223432177
META,COF,15,0.8012499861488734
JPM,AVGO,5,0.9244401918120904
JPM,AVGO,15,0.8848558272927746
JPM,AVGO,25,0.8235052454042007
AVGO,JPM,5,0.8961316708922041
AVGO,JPM,15,0.8685116887989358
AVGO,JPM,25,0.7763781874533289
JPM,ORCL,5,0.8601651189069456
JPM,ORCL,15,0.7578754797792921
ORCL,JPM,5,0.8760690483819096
ORCL,JPM,15,0.8553538658414415
ORCL,JPM,25,0.7992281542972182
ABBV,JPM,5,0.7185014200323543
ABBV,JPM,15,0.8142576683387772
ABBV,JPM,25,0.8630473474981938
JPM,CSCO,5,0.8625522884135388
JPM,CSCO,15,0.7867583719113418
JPM,CSCO,25,0.7260459989653089
CSCO,JPM,5,0.9173064572364744
CSCO,JPM,15,0.875595654327193
CSCO,JPM,25,0.7767417326136611
JPM,NFLX,5,0.8199991363585388
JPM,NFLX,15,0.8056805326038969
JPM,NFLX,25,0.8053962093178145
AMD,JPM,5,0.727393633654146
AMD,JPM,15,0.787124320674015
AMD,JPM,25,0.7738386123218239
CAT,JPM,5,0.7766474854781106
CAT,JPM,15,0.787448550110899
CAT,JPM,25,0.757043291833488
JPM,MS,5,0.8847369139938513
JPM,MS,15,0.7459628116309535
MS,JPM,5,0.8772524419623148
MS,JPM,15,0.803871505909442
MS,JPM,25,0.7188367961661989
JPM,GS,5,0.9238960922377292
JPM,GS,15,0.8032968509285279
GS,JPM,5,0.9339013660164238
GS,JPM,15,0.8579915804058392
GS,JPM,25,0.7683536430899007
JPM,RTX,5,0.882335895216984
JPM,RTX,15,0.830506877311697
JPM,RTX,25,0.7835196684672667
RTX,JPM,5,0.8900291341382002
RTX,JPM,15,0.8915414788694028
RTX,JPM,25,0.8693578901093363
JPM,BLK,5,0.7806232818583776
JPM,BLK,15,0.7023003254970666
BLK,JPM,5,0.8013063394671979
BLK,JPM,15,0.782245949139432
BLK,JPM,25,0.7151525157849338
MDT,JPM,5,0.785136882669313
MDT,JPM,15,0.8323248230016848
MDT,JPM,25,0.808260766941403
JPM,GE,5,0.912991815053112
JPM,GE,15,0.852572376541894
JPM,GE,25,0.8012002744481128
GE,JPM,5,0.9196293981200064
GE,JPM,15,0.8794766533427328
GE,JPM,25,0.8112477926909796
ADI,JPM,5,0.7832686793432698
ADI,JPM,15,0.7434823709475427
JPM,BKNG,5,0.7338444882129841
JPM,BKNG,15,0.7541607664710308
JPM,BKNG,25,0.7656750548329693
GILD,JPM,5,0.7368518208685133
GILD,JPM,15,0.8086289881853493
GILD,JPM,25,0.794215759162853
JPM,C,5,0.9310204876149574
JPM,C,15,0.8177233000454944
JPM,C,25,0.7064165355407652
C,JPM,5,0.9432107792324732
C,JPM,15,0.8815640071211204
C,JPM,25,0.7917948152046889
JPM,LRCX,5,0.8474444066683602
JPM,LRCX,15,0.7626772547828142
JPM,LRCX,25,0.7327891384587724
LRCX,JPM,5,0.8707291075356169
LRCX,JPM,15,0.8690719834993206
LRCX,JPM,25,0.8056544218809087
JPM,MO,5,0.7712127339513138
JPM,MO,15,0.7606372305740863
JPM,MO,25,0.7755690069990513
MO,JPM,5,0.7935823244655024
MO,JPM,15,0.7966879383402189
MO,JPM,25,0.8184668164038165
JPM,SCHW,5,0.8909293265597064
JPM,SCHW,15,0.8248647765763201
JPM,SCHW,25,0.799835884076173
SCHW,JPM,5,0.8729964087717396
SCHW,JPM,15,0.7664899314194358
SO,JPM,5,0.7374005666782849
SO,JPM,15,0.7715177909641021
SO,JPM,25,0.7810648562728475
NSC,JPM,5,0.8197111622740433
NSC,JPM,15,0.8067065274394682
NSC,JPM,25,0.7579275954779763
JPM,COF,5,0.9014112531748764
JPM,COF,15,0.8001909363936628
COF,JPM,5,0.8822916848948619
COF,JPM,15,0.7417079436271111
UNH,MRK,5,0.7772563663869029
UNH,MRK,15,0.8449149385727617
UNH,MRK,25,0.8558934442374272
ACN,UNH,5,0.7205747906761555
ACN,UNH,15,0.7618343490725523
ACN,UNH,25,0.7982062473809207
CRM,UNH,5,0.7277444905551316
CRM,UNH,15,0.747729208361749
CRM,UNH,25,0.7455541688463593
UNH,UPS,5,0.794487567587334
UNH,UPS,15,0.8137088562012204
UNH,UPS,25,0.7929650890263116
UPS,UNH,5,0.7634482617645402
UPS,UNH,15,0.7357246177878166
UPS,UNH,25,0.7537961491601368
ELV,UNH,5,0.7104524561310321
ELV,UNH,15,0.7093547895369232
ELV,UNH,25,0.7238021415131907
UNH,REGN,5,0.8328241323995803
UNH,REGN,15,0.8813489529864287
UNH,REGN,25,0.89846804123655
REGN,UNH,5,0.7977937482562827
REGN,UNH,15,0.7741365307618705
REGN,UNH,25,0.7158342609054923
UNH,TGT,5,0.7270817664313192
UNH,TGT,15,0.7825224271880369
UNH,TGT,25,0.8249645813519331
UNH,BDX,5,0.8928900947508086
UNH,BDX,15,0.906559543894754
UNH,BDX,25,0.8563910269774287
UNH,FDX,5,0.7049331592680097
UNH,FDX,15,0.7731689814777585
UNH,FDX,25,0.8289982745079675
KO,V,5,0.7478600005971112
KO,V,15,0.7646152015501829
ABT,V,5,0.8221470890956313
ABT,V,15,0.7248210261829443
PM,V,5,0.8220279254939057
PM,V,15,0.8014284457282284
PM,V,25,0.7686234468035217
GILD,V,5,0.7389500866609465
GILD,V,15,0.7997967027220007
GILD,V,25,0.7186642926071527
T,V,5,0.7778970463180518
T,V,15,0.7926776629496305
T,V,25,0.7592102582853991
CME,V,5,0.8018946608797549
CME,V,15,0.7965843449872888
CME,V,25,0.7870283613105601
PG,ACN,5,0.7354529298249446
PG,ACN,15,0.7606803022180447
CSCO,MA,5,0.7571878104870597
CSCO,MA,15,0.7478753142325552
RTX,MA,5,0.7089373511109686
RTX,MA,15,0.7537976075433216
RTX,MA,25,0.7547046240019057
GE,MA,5,0.7639142727058297
GE,MA,15,0.7567619380989349
GE,MA,25,0.7020530319346538
GILD,MA,5,0.7107197237871722
GILD,MA,15,0.7735936122188368
GILD,MA,25,0.7027489428163913
MO,MA,5,0.7028463045777673
MO,MA,15,0.7094272025880265
MO,MA,25,0.7076141956793763
AVGO,ORCL,5,0.8585829291767328
AVGO,ORCL,15,0.8249422315645126
AVGO,ORCL,25,0.7895756437725755
ORCL,AVGO,5,0.8944943759334125
ORCL,AVGO,15,0.8670619334101859
ORCL,AVGO,25,0.8547740147229436
ABBV,AVGO,5,0.7184102075061783
ABBV,AVGO,15,0.7876380919477334
ABBV,AVGO,25,0.8418472748573151
AVGO,CSCO,5,0.8435207383995595
AVGO,CSCO,15,0.7903329116124511
AVGO,CSCO,25,0.7316778568080279
CSCO,AVGO,5,0.8818877899184825
CSCO,AVGO,15,0.8643335938510319
CSCO,AVGO,25,0.8028642919560437
AVGO,NFLX,5,0.77985342252958
AVGO,NFLX,15,0.8063611304915078
AVGO,NFLX,25,0.7849802534456112
AVGO,WMT,5,0.7721107290741024
AVGO,WMT,15,0.7094346188393371
AVGO,AMD,5,0.7432306185478997
AVGO,AMD,15,0.7196993926632504
AVGO,AMD,25,0.7006925203244897
AMD,AVGO,5,0.7773485650217055
AMD,AVGO,15,0.8024677194770243
AMD,AVGO,25,0.8166828009412763
AVGO,CAT,5,0.7730283180872463
AVGO,CAT,15,0.7243456928087608
CAT,AVGO,5,0.8191833183885406
CAT,AVGO,15,0.8378090081499253
CAT,AVGO,25,0.8343386773131466
AVGO,MS,5,0.8505361914182428
AVGO,MS,15,0.8006543232392724
MS,AVGO,5,0.8957029349362877
MS,AVGO,15,0.864066628789068
MS,AVGO,25,0.8325735502292629
AVGO,GS,5,0.894335224307005
AVGO,GS,15,0.8550340929499375
AVGO,GS,25,0.7627628826803569
GS,AVGO,5,0.9301789356163154
GS,AVGO,15,0.8966787544169731
GS,AVGO,25,0.8528476421086186
AVGO,RTX,5,0.8655344152254018
AVGO,RTX,15,0.844818519086593
AVGO,RTX,25,0.8212576753745756
RTX,AVGO,5,0.8869348316904156
RTX,AVGO,15,0.8962847512634166
RTX,AVGO,25,0.8720352781228281
AVGO,BLK,5,0.8146309400886652
AVGO,BLK,15,0.782270776705223
BLK,AVGO,5,0.8307879724508052
BLK,AVGO,15,0.7985162715301182
BLK,AVGO,25,0.7707339456711315
MDT,AVGO,5,0.7381507604045404
MDT,AVGO,15,0.862405795730326
MDT,AVGO,25,0.8876508363765422
AVGO,GE,5,0.8902026889613637
AVGO,GE,15,0.8631206728869738
AVGO,GE,25,0.8395790390293374
GE,AVGO,5,0.910468080629425
GE,AVGO,15,0.8839109134505249
GE,AVGO,25,0.8438384800403296
ADI,AVGO,5,0.7890798930771181
ADI,AVGO,15,0.7363954999402059
AVGO,BKNG,5,0.713732217584064
AVGO,BKNG,15,0.8266222916183299
AVGO,BKNG,25,0.8027805372833966
AVGO,C,5,0.9048288529322964
AVGO,C,15,0.8575241378259119
AVGO,C,25,0.7504984589712974
C,AVGO,5,0.9466985603137098
C,AVGO,15,0.9129170675465852
C,AVGO,25,0.8675482009373194
AVGO,LRCX,5,0.871492255267248
AVGO,LRCX,15,0.8268119852373149
AVGO,LRCX,25,0.7870298334609518
LRCX,AVGO,5,0.9071231828360152
LRCX,AVGO,15,0.8999470887526211
LRCX,AVGO,25,0.8673103790348644
AVGO,MO,5,0.7917369290630819
AVGO,MO,15,0.8236591267950852
AVGO,MO,25,0.8427279802612014
MO,AVGO,5,0.7731253531981895
MO,AVGO,15,0.7682041330913033
MO,AVGO,25,0.7690200156092948
AVGO,SCHW,5,0.8428802459007574
AVGO,SCHW,15,0.8792660998795326
AVGO,SCHW,25,0.858651701549235
SCHW,AVGO,5,0.8137447568923564
SCHW,AVGO,15,0.7620938524376901
SCHW,AVGO,25,0.7219357111126767
AVGO,AXP,5,0.7659312323667602
AVGO,AXP,15,0.7026251142433129
AXP,AVGO,5,0.7932718251047253
AXP,AVGO,15,0.720024673393419
AVGO,NSC,5,0.7458284683060098
AVGO,NSC,15,0.7248031479387045
NSC,AVGO,5,0.7939484752167472
NSC,AVGO,15,0.8474418358003364
NSC,AVGO,25,0.8384710433565695
AVGO,COF,5,0.8296184965272269
AVGO,COF,15,0.8302150696900261
AVGO,COF,25,0.7214546242759038
COF,AVGO,5,0.8532056714409223
COF,AVGO,15,0.7852374605607312
COF,AVGO,25,0.7417492800689198
REGN,PEP,5,0.740653922369534
REGN,PEP,15,0.7343784222487822
REGN,PEP,25,0.7274203611634492
KO,ABT,5,0.8057846178807597
KO,ABT,15,0.8091651203340078
KO,ABT,25,0.7026456158877238
KO,PM,5,0.8436455757594887
KO,PM,15,0.7259177046114306
PM,KO,5,0.879597723944704
PM,KO,15,0.8498336613157681
PM,KO,25,0.8321633509519406
AMT,KO,5,0.7606777514241377
AMT,KO,15,0.75214550415943
AMT,KO,25,0.7050710852779529
MDLZ,KO,5,0.7333808568450533
MDLZ,KO,15,0.7532310605721506
KO,T,5,0.7967838100084655
KO,T,15,0.7129732134084077
T,KO,5,0.8307769365640276
T,KO,15,0.8147069245542172
T,KO,25,0.7799131445635886
KO,CME,5,0.8355066057403466
KO,CME,15,0.7565590911294336
CME,KO,5,0.8548831205983243
CME,KO,15,0.8598465210977387
CME,KO,25,0.8569093518948436
MRK,DHR,5,0.8517408842822906
MRK,DHR,15,0.7014619473833585
MRK,DHR,25,0.7134102634185566
CRM,MRK,5,0.7423681614395439
CRM,MRK,15,0.7472930763317762
CRM,MRK,25,0.720498563603761
TMO,MRK,5,0.7716121456720184
TMO,MRK,15,0.708111821828621
UPS,MRK,5,0.7587361235813418
UPS,MRK,15,0.7152784052711921
MRK,REGN,5,0.8136475826374817
MRK,REGN,15,0.7670743704631252
REGN,MRK,5,0.8391480297458976
REGN,MRK,15,0.8267213098784978
REGN,MRK,25,0.8134741253262064
MRK,TGT,5,0.7696784791735484
MRK,TGT,15,0.7682314386206048
MRK,TGT,25,0.7431283455838216
TGT,MRK,5,0.7889891001407274
TGT,MRK,15,0.7812737434233795
TGT,MRK,25,0.7522917178397951
BDX,MRK,5,0.8123469486180916
BDX,MRK,15,0.8529334602874165
BDX,MRK,25,0.8292713839348168
MRK,FDX,5,0.8816350852107598
MRK,FDX,15,0.8289193764961172
MRK,FDX,25,0.7850970620523264
FDX,MRK,5,0.8207998514041739
FDX,MRK,15,0.7462104694100625
ORCL,CSCO,5,0.8020882756366748
ORCL,CSCO,15,0.78107837892251
ORCL,CSCO,25,0.7757312874451276
CSCO,ORCL,5,0.808090214900319
CSCO,ORCL,15,0.7384505582023349
INTC,ORCL,5,0.7336388312229581
INTC,ORCL,15,0.7497516642820725
INTC,ORCL,25,0.7133687182439118
NEE,ORCL,5,0.7219441183016758
NEE,ORCL,15,0.7704317987951391
ORCL,AMD,5,0.8383858684311758
ORCL,AMD,15,0.7915294062561038
ORCL,AMD,25,0.7366827701499338
AMD,ORCL,5,0.8803827785920395
AMD,ORCL,15,0.9053840442747222
AMD,ORCL,25,0.8539175464876759
ORCL,CAT,5,0.8709469405025902
ORCL,CAT,15,0.7917932604627371
CAT,ORCL,5,0.9247071446270588
CAT,ORCL,15,0.9058118147316347
CAT,ORCL,25,0.8519841696804898
ORCL,MS,5,0.8959782533845071
ORCL,MS,15,0.834314198661643
ORCL,MS,25,0.7313141192280436
MS,ORCL,5,0.9021656231655428
MS,ORCL,15,0.8175572164916871
MS,ORCL,25,0.7695821454082756
ORCL,GS,5,0.9193344501477868
ORCL,GS,15,0.8668247648383894
ORCL,GS,25,0.7908085111733721
GS,ORCL,5,0.9205399108572436
GS,ORCL,15,0.8358048002043253
GS,ORCL,25,0.7555781746184062
ORCL,RTX,5,0.8504092253198817
ORCL,RTX,15,0.8509444083464317
ORCL,RTX,25,0.8384338960874635
RTX,ORCL,5,0.8395561688440882
RTX,ORCL,15,0.7904442137331283
RTX,ORCL,25,0.7292006041107608
ORCL,BLK,5,0.8765750410142583
ORCL,BLK,15,0.8127683746616733
ORCL,BLK,25,0.7263447601572065
BLK,ORCL,5,0.9138141500472916
BLK,ORCL,15,0.8778486478464917
BLK,ORCL,25,0.790327988433124
MDT,ORCL,5,0.7322916520488989
MDT,ORCL,15,0.7258095063925545
ORCL,GE,5,0.8630285317934803
ORCL,GE,15,0.8623219672064462
ORCL,GE,25,0.8622528546828641
GE,ORCL,5,0.836050936919459
GE,ORCL,15,0.7548287660473618
ORCL,ADI,5,0.7857952398461381
ORCL,ADI,15,0.790405904667169
ORCL,BKNG,5,0.7099253976059079
ORCL,BKNG,15,0.8072750864676702
ORCL,BKNG,25,0.808677877443846
ORCL,C,5,0.8920807160045666
ORCL,C,15,0.8518532204103338
ORCL,C,25,0.7835684995261052
C,ORCL,5,0.8996297997201991
C,ORCL,15,0.8282515081312755
C,ORCL,25,0.7786830871444085
ORCL,LRCX,5,0.890929993598292
ORCL,LRCX,15,0.8429865905022473
ORCL,LRCX,25,0.827559337136107
LRCX,ORCL,5,0.9088015011532818
LRCX,ORCL,15,0.8621938195382242
LRCX,ORCL,25,0.7926764862356701
ORCL,MO,5,0.7564653587358801
ORCL,MO,15,0.7850457792227566
ORCL,MO,25,0.8206877165541363
MO,ORCL,5,0.7453422571379951
MO,ORCL,15,0.7151322803226042
ORCL,SCHW,5,0.8119112491517627
ORCL,SCHW,15,0.836690907428538
ORCL,SCHW,25,0.8546069409228826
ORCL,AXP,5,0.7678896453123919
ORCL,AXP,15,0.7166150853320453
ORCL,GM,5,0.7604842321680081
ORCL,GM,15,0.7068556626677585
GM,ORCL,5,0.7986410715285199
GM,ORCL,15,0.8122540172192745
GM,ORCL,25,0.8714388015729311
CSX,ORCL,5,0.7438252853427205
CSX,ORCL,15,0.7467305719976421
ORCL,NSC,5,0.88441856780266
ORCL,NSC,15,0.8049371173854898
NSC,ORCL,5,0.9125400691549114
NSC,ORCL,15,0.8584835117610561
NSC,ORCL,25,0.7644087378616887
ORCL,COF,5,0.8279508381711399
ORCL,COF,15,0.8287341361436983
ORCL,COF,25,0.7568275193932502
INTC,ABBV,5,0.7777640230764999
INTC,ABBV,15,0.7278594472252706
ABBV,GS,5,0.7213952844135635
ABBV,GS,15,0.8004488538611724
ABBV,GS,25,0.8435901471666688
ABBV,RTX,5,0.7777342272639556
ABBV,RTX,15,0.7844215556657652
ABBV,RTX,25,0.7801169308968102
ABBV,MDT,5,0.838045462002212
ABBV,MDT,15,0.7871790634211884
ABBV,GE,5,0.7785594370218825
ABBV,GE,15,0.7842765777659657
ABBV,GE,25,0.7876842070770027
ABBV,C,5,0.7535401870352874
ABBV,C,15,0.8399611311732268
ABBV,C,25,0.8949847304986703
CVS,ABBV,5,0.8106157030899344
CVS,ABBV,15,0.7860446446069094
CVS,ABBV,25,0.7148240657693745
ABBV,LRCX,5,0.792158890199226
ABBV,LRCX,15,0.7859222015545451
ABBV,LRCX,25,0.7837655504716142
ABBV,MO,5,0.7565483073503604
ABBV,MO,15,0.7104373726523107
SO,ABBV,5,0.7163524529590747
SO,ABBV,15,0.7201408595153332
DUK,ABBV,5,0.7384372471208144
DUK,ABBV,15,0.7601811382338659
DUK,ABBV,25,0.706562037218612
ADBE,ACN,5,0.8189940698146715
ADBE,ACN,15,0.7520193997915627
ACN,ADBE,5,0.8336066698072069
ACN,ADBE,15,0.764260050829942
ACN,ADBE,25,0.7013017170076642
ADBE,DHR,5,0.7086059373283635
ADBE,DHR,15,0.7279946681275861
ADBE,DHR,25,0.7212494506361892
ADBE,CRM,5,0.8217709718021802
ADBE,CRM,15,0.7571442321174241
CRM,ADBE,5,0.8621577157435518
CRM,ADBE,15,0.81357600509865
CRM,ADBE,25,0.7542714887211802
ADBE,UPS,5,0.8440062766181032
ADBE,UPS,15,0.7582163224667114
UPS,ADBE,5,0.8740290372294579
UPS,ADBE,15,0.8920191234086182
UPS,ADBE,25,0.8589299094686959
ADBE,REGN,5,0.8019670155052535
ADBE,REGN,15,0.7691608974471191
ADBE,REGN,25,0.7294148853584854
REGN,ADBE,5,0.8033524301106777
REGN,ADBE,15,0.7697370862472585
REGN,ADBE,25,0.7201914971216611
ADBE,ZTS,5,0.8458366428971731
ADBE,ZTS,15,0.7374669454032318
ZTS,ADBE,5,0.8529153163159954
ZTS,ADBE,15,0.7116200234628314
ADBE,TGT,5,0.8197095392312247
ADBE,TGT,15,0.8317672174352576
ADBE,TGT,25,0.7307752168343203
TGT,ADBE,5,0.7969429025059555
TGT,ADBE,15,0.7927355638513172
TGT,ADBE,25,0.7991528547846041
FDX,ADBE,5,0.7767455767032341
FDX,ADBE,15,0.751005800835173
ACN,CRM,5,0.904869499423438
ACN,CRM,15,0.8591878039678641
ACN,CRM,25,0.7989088728097199
CRM,ACN,5,0.8592539418091207
CRM,ACN,15,0.7494739641203932
ACN,UPS,5,0.8690404170675395
ACN,UPS,15,0.8353615131932938
ACN,UPS,25,0.7903532476167479
UPS,ACN,5,0.8596033839802726
UPS,ACN,15,0.8716743592351495
UPS,ACN,25,0.8303296803341346
ACN,ISRG,5,0.8505746683987168
ACN,ISRG,15,0.7126529433527977
ACN,REGN,5,0.7064871632603203
ACN,REGN,15,0.7113363456501903
ACN,REGN,25,0.7255371354002785
ACN,ZTS,5,0.8384487226485269
ACN,ZTS,15,0.7420735193621267
ZTS,ACN,5,0.8201595195763918
ZTS,ACN,15,0.7583306945374888
ACN,TGT,5,0.8163318114735468
ACN,TGT,15,0.7890929645819451
ACN,TGT,25,0.7304130142827893
TGT,ACN,5,0.7838564223641667
TGT,ACN,15,0.7617738267301224
CRM,DHR,5,0.7937428793446188
CRM,DHR,15,0.8248456421175423
CRM,DHR,25,0.7687522325024615
UPS,DHR,5,0.7703359662532661
UPS,DHR,15,0.7506944568626988
UPS,DHR,25,0.7427000542964127
REGN,DHR,5,0.8125065686301173
REGN,DHR,15,0.8053484051261317
REGN,DHR,25,0.8437664478616214
DHR,TGT,5,0.7731258283838621
DHR,TGT,15,0.7012527035280218
TGT,DHR,5,0.8560766550984951
TGT,DHR,15,0.8369858284698775
TGT,DHR,25,0.8203060743413696
BDX,DHR,5,0.7362388025612171
BDX,DHR,15,0.7621150814980173
BDX,DHR,25,0.7969242523219284
DHR,FDX,5,0.8293537696948499
DHR,FDX,15,0.7638287262817562
FDX,DHR,5,0.8382750355328199
FDX,DHR,15,0.8036124446574314
FDX,DHR,25,0.7368511853000025
CSCO,NFLX,5,0.8603163988346112
CSCO,NFLX,15,0.8810662240659897
CSCO,NFLX,25,0.8594055811219896
CSCO,WMT,5,0.7472867405639804
CSCO,WMT,15,0.7628991182904487
CSCO,IBM,5,0.7784031088884477
CSCO,IBM,15,0.7222456335543965
CSCO,MS,5,0.8240603901627421
CSCO,MS,15,0.7549506793445762
CSCO,GS,5,0.8772392708615115
CSCO,GS,15,0.8099872656311685
GS,CSCO,5,0.8469350767013655
GS,CSCO,15,0.7855086770201919
GS,CSCO,25,0.7392773580843695
CSCO,RTX,5,0.8866935956756509
CSCO,RTX,15,0.8314056660066689
CSCO,RTX,25,0.7509963178434905
RTX,CSCO,5,0.8901095871318736
RTX,CSCO,15,0.8865272720790313
RTX,CSCO,25,0.8464534914910798
BLK,CSCO,5,0.7291736893232988
BLK,CSCO,15,0.7086837977229211
MDT,CSCO,5,0.7527039198023611
MDT,CSCO,15,0.793649723095877
MDT,CSCO,25,0.7536324895855578
CSCO,GE,5,0.919391558878853
CSCO,GE,15,0.8839708994126022
CSCO,GE,25,0.8117341020907592
GE,CSCO,5,0.889812292282072
GE,CSCO,15,0.8440708009735055
GE,CSCO,25,0.7842791136795122
CSCO,BKNG,5,0.7542070031253825
CSCO,BKNG,15,0.791904064325129
CSCO,BKNG,25,0.7586327272787091
GILD,CSCO,5,0.8225882019411772
GILD,CSCO,15,0.8225218362932852
GILD,CSCO,25,0.7541496643636302
CSCO,C,5,0.8885786809676379
CSCO,C,15,0.8196335849061193
CSCO,C,25,0.7030745198082456
C,CSCO,5,0.8743688178932613
C,CSCO,15,0.8274431610812388
C,CSCO,25,0.76931579882654
CSCO,LRCX,5,0.8289246146985672
CSCO,LRCX,15,0.7957309902824306
CSCO,LRCX,25,0.7362340868774522
LRCX,CSCO,5,0.7956443795624036
LRCX,CSCO,15,0.745472672837861
LRCX,CSCO,25,0.7154010871141719
CSCO,MO,5,0.7568661517315194
CSCO,MO,15,0.7183831399902374
CSCO,MO,25,0.7065661695611278
MO,CSCO,5,0.7818995355869298
MO,CSCO,15,0.7998341572959159
MO,CSCO,25,0.8331670727882919
CSCO,SCHW,5,0.8903706571452304
CSCO,SCHW,15,0.8572305736269815
CSCO,SCHW,25,0.7979494274344112
SCHW,CSCO,5,0.8411509577348111
SCHW,CSCO,15,0.7565641898938191
SO,CSCO,5,0.7613327422048394
SO,CSCO,15,0.7878464055974186
SO,CSCO,25,0.8018575296501995
NSC,CSCO,5,0.7231307811538845
NSC,CSCO,15,0.7243508482058718
NSC,CSCO,25,0.7057678827179684
CSCO,COF,5,0.8579267282547622
CSCO,COF,15,0.8237433258685015
CSCO,COF,25,0.7071675673303105
NFLX,PM,5,0.8615115456727944
NFLX,PM,15,0.8414317271204508
NFLX,PM,25,0.828498195159304
PM,NFLX,5,0.8379059861471514
PM,NFLX,15,0.7433350920516372
IBM,NFLX,5,0.8259282436051938
IBM,NFLX,15,0.7488007673023572
GS,NFLX,5,0.7280884290783449
GS,NFLX,15,0.7457677161395302
GS,NFLX,25,0.7739706659596719
NFLX,RTX,5,0.7769317760015949
NFLX,RTX,15,0.7108596301390052
RTX,NFLX,5,0.8199753435299908
RTX,NFLX,15,0.8594236539138796
RTX,NFLX,25,0.903091987648478
NFLX,GE,5,0.8191327488856285
NFLX,GE,15,0.7521624166552467
GE,NFLX,5,0.8701714715616695
GE,NFLX,15,0.8834006369431234
GE,NFLX,25,0.8966747709265624
BKNG,NFLX,5,0.786111759096187
BKNG,NFLX,15,0.7174324343148808
GILD,NFLX,5,0.763777572876835
GILD,NFLX,15,0.7992129041805724
GILD,NFLX,25,0.8078387509489638
C,NFLX,5,0.7562828984861404
C,NFLX,15,0.7753314800470377
C,NFLX,25,0.7917704544070286
NFLX,MO,5,0.7700904179195489
NFLX,MO,15,0.7292272268349749
NFLX,MO,25,0.7075620437787757
MO,NFLX,5,0.7832861039860746
MO,NFLX,15,0.7788559657831711
MO,NFLX,25,0.83552976670655
NFLX,T,5,0.8085534774536894
NFLX,T,15,0.796561293529861
NFLX,T,25,0.7832148864698942
T,NFLX,5,0.8108461841424787
T,NFLX,15,0.7479294727774289
T,NFLX,25,0.7008505696754734
NFLX,SCHW,5,0.8429790441646181
NFLX,SCHW,15,0.7368687148788354
SCHW,NFLX,5,0.8609595163230236
SCHW,NFLX,15,0.8325683871908858
SCHW,NFLX,25,0.8427295773389155
SO,NFLX,5,0.7299725411619417
SO,NFLX,15,0.7683474902463929
SO,NFLX,25,0.8394296004947788
NFLX,CME,5,0.846464673005208
NFLX,CME,15,0.8339170857417509
NFLX,CME,25,0.8724604956047637
CME,NFLX,5,0.8344509386464165
CME,NFLX,15,0.7758990807071039
CME,NFLX,25,0.7197980698584284
COF,NFLX,5,0.7658989824417398
COF,NFLX,15,0.7162884605281111
COF,NFLX,25,0.7181588908403477
CRM,UPS,5,0.8875664063616424
CRM,UPS,15,0.8347790393061623
CRM,UPS,25,0.7734547722498302
UPS,CRM,5,0.8547600290695159
UPS,CRM,15,0.8658785086305113
UPS,CRM,25,0.8624710529524435
CRM,REGN,5,0.7791041905869331
CRM,REGN,15,0.776634340540131
CRM,REGN,25,0.786206807824833
REGN,CRM,5,0.773110196415659
REGN,CRM,15,0.7755670358975253
REGN,CRM,25,0.7398887036242577
CRM,ZTS,5,0.7810128605780609
CRM,ZTS,15,0.7198479923318527
CRM,TGT,5,0.8637602330086844
CRM,TGT,15,0.8371369218610245
CRM,TGT,25,0.7713863211245471
TGT,CRM,5,0.8549629747634058
TGT,CRM,15,0.8764267244185129
TGT,CRM,25,0.812377144900494
CRM,FDX,5,0.8198353630236634
CRM,FDX,15,0.7873614201873951
CRM,FDX,25,0.7402845815412596
MO,LIN,5,0.7449318407170322
MO,LIN,15,0.7856510396985151
MO,LIN,25,0.7446336764745289
SO,LIN,5,0.7200189027574754
SO,LIN,15,0.7645859035511777
PM,ABT,5,0.8536684636543472
PM,ABT,15,0.8219078615600608
PM,ABT,25,0.7443289312092206
IBM,ABT,5,0.7689879967301542
IBM,ABT,15,0.7192019944099849
GILD,ABT,5,0.8244438545389574
GILD,ABT,15,0.8357414656600868
GILD,ABT,25,0.7397411159141583
CVS,ABT,5,0.7701215506371221
CVS,ABT,15,0.7574969248823376
T,ABT,5,0.8499098854400854
T,ABT,15,0.8215434871384272
T,ABT,25,0.7444278762097191
SO,ABT,5,0.7015290983961769
SO,ABT,15,0.7836279348333997
SO,ABT,25,0.788928344395752
DUK,ABT,5,0.7121921459757908
DUK,ABT,15,0.7220715058337797
DUK,ABT,25,0.7456896768898036
CME,ABT,5,0.8181715409135273
CME,ABT,15,0.8360921488946307
CME,ABT,25,0.8216018497591618
NKE,PNC,5,0.7918756469604741
NKE,PNC,15,0.7358147851510367
NKE,CSX,5,0.7009106597938966
NKE,CSX,15,0.7746352074437182
REGN,TMO,5,0.7458821156101539
REGN,TMO,15,0.781987252604765
REGN,TMO,25,0.7792777929079684
BDX,TMO,5,0.8374747598878666
BDX,TMO,15,0.8516675594733842
BDX,TMO,25,0.8040129579495885
TMO,FDX,5,0.7399860009848822
TMO,FDX,15,0.7536618567892837
INTC,LRCX,5,0.8443282904840713
INTC,LRCX,15,0.8121782710039542
INTC,LRCX,25,0.7659551941679145
GE,WMT,5,0.7350588672970318
GE,WMT,15,0.7134715303959931
UPS,REGN,5,0.831376717264014
UPS,REGN,15,0.8210912100412373
UPS,REGN,25,0.7910443558628457
REGN,UPS,5,0.8308931687528269
REGN,UPS,15,0.7802350353622887
REGN,UPS,25,0.7776045154221839
UPS,ZTS,5,0.8096746004756546
UPS,ZTS,15,0.8040672805129766
UPS,ZTS,25,0.7927798780206314
UPS,TGT,5,0.8721068699510304
UPS,TGT,15,0.8608067538554036
UPS,TGT,25,0.8092506644678993
TGT,UPS,5,0.8633723839124728
TGT,UPS,15,0.8457591415044795
TGT,UPS,25,0.8164620699713165
BDX,UPS,5,0.773297564600907
BDX,UPS,15,0.7772100869535379
BDX,UPS,25,0.7840414808284182
UPS,FDX,5,0.8088341772027398
UPS,FDX,15,0.7867482479052114
UPS,FDX,25,0.7651389046199678
NEE,CAT,5,0.8005519567671473
NEE,CAT,15,0.7122505170923069
NEE,LRCX,5,0.7751267261341989
NEE,LRCX,15,0.7902930667844963
NEE,LRCX,25,0.7119216993777258
NEE,NSC,5,0.7398391456763547
NEE,NSC,15,0.7089554338240512
PM,DE,5,0.8102261911132527
PM,DE,15,0.771900935491109
PM,DE,25,0.7032400679291924
PM,GILD,5,0.7568141882935904
PM,GILD,15,0.7118025594830302
GILD,PM,5,0.766338386985196
GILD,PM,15,0.7410001196860303
MO,PM,5,0.7078380312462451
MO,PM,15,0.7489655083742716
MO,PM,25,0.7988100135246574
PM,T,5,0.8882970607116466
PM,T,15,0.8282321897515239
PM,T,25,0.7652596318863915
T,PM,5,0.8941404155800975
T,PM,15,0.8384731465037558
T,PM,25,0.7829481638806873
SO,PM,5,0.7326468470961116
SO,PM,15,0.7737934832912347
SO,PM,25,0.8046922650488383
PM,CME,5,0.9146544456040792
PM,CME,15,0.8899560974820983
PM,CME,25,0.8612074634500858
CME,PM,5,0.9154188579547684
CME,PM,15,0.9020430190819722
CME,PM,25,0.8584412977911785
AMD,CAT,5,0.9301737834467894
AMD,CAT,15,0.8531115972178966
CAT,AMD,5,0.9196191500273068
CAT,AMD,15,0.8234414978416944
CAT,AMD,25,0.7693675719512678
AMD,MS,5,0.8008625410277238
AMD,MS,15,0.8031237587528681
AMD,MS,25,0.7472739506525621
MS,AMD,5,0.8188025584490598
MS,AMD,15,0.7749530770405652
MS,AMD,25,0.7239416325878759
AMD,GS,5,0.7935504081244692
AMD,GS,15,0.8303249564020347
AMD,GS,25,0.7887699775038172
GS,AMD,5,0.7842893677814469
GS,AMD,15,0.7615416884264968
GS,AMD,25,0.711327852760969
AMD,RTX,5,0.7484929930625949
AMD,RTX,15,0.7851760640618811
AMD,RTX,25,0.777390850605316
AMD,BLK,5,0.861835371895439
AMD,BLK,15,0.8167928283198597
BLK,AMD,5,0.8688813437080971
BLK,AMD,15,0.8405507763385986
BLK,AMD,25,0.7683803817281231
AMD,GE,5,0.7471187252905416
AMD,GE,15,0.7956627179778767
AMD,GE,25,0.8113585311969305
AMD,C,5,0.7588006279532455
AMD,C,15,0.7892991006164989
AMD,C,25,0.7578212908936369
C,AMD,5,0.7592520126691193
C,AMD,15,0.7429889299772903
C,AMD,25,0.706288456913376
AMD,LRCX,5,0.8742623684854268
AMD,LRCX,15,0.9038272692379844
AMD,LRCX,25,0.862871142712007
AXP,AMD,5,0.7344536781358618
AXP,AMD,15,0.7013809272050632
AMD,GM,5,0.7685651094523911
AMD,GM,15,0.7294265058758627
GM,AMD,5,0.8590410859885574
GM,AMD,15,0.8546600687181077
GM,AMD,25,0.8075622803326274
CSX,AMD,5,0.7999304236882664
CSX,AMD,15,0.7565125319884843
AMD,NSC,5,0.8658850776875707
AMD,NSC,15,0.8224921570409497
NSC,AMD,5,0.8459426415405908
NSC,AMD,15,0.8150362628604305
NSC,AMD,25,0.7238582356819185
CAT,MS,5,0.8789061174458916
CAT,MS,15,0.8398987256857496
CAT,MS,25,0.7560901772583036
MS,CAT,5,0.8737044604566966
MS,CAT,15,0.77698419497578
CAT,GS,5,0.8567592118228675
CAT,GS,15,0.8461841891563868
CAT,GS,25,0.7896658327192259
GS,CAT,5,0.8361934575950967
GS,CAT,15,0.7516538774881453
CAT,RTX,5,0.7305370604447918
CAT,RTX,15,0.7437243915966979
CAT,RTX,25,0.7579727223263603
CAT,BLK,5,0.8955521064860287
CAT,BLK,15,0.8405262136420909
CAT,BLK,25,0.7621678624995667
BLK,CAT,5,0.900657030052015
BLK,CAT,15,0.8144581101074168
CAT,GE,5,0.7469085022173577
CAT,GE,15,0.7611222770424221
CAT,GE,25,0.7773110289746226
CAT,ADI,5,0.753117204363962
CAT,ADI,15,0.7599504227334839
CAT,C,5,0.8165846358412705
CAT,C,15,0.79889004230574
CAT,C,25,0.7640625348351658
C,CAT,5,0.8022094488599816
C,CAT,15,0.7350289125084107
CAT,LRCX,5,0.8925102779997836
CAT,LRCX,15,0.8683890652434908
CAT,LRCX,25,0.8348685327126137
LRCX,CAT,5,0.854903719371418
LRCX,CAT,15,0.7545620067596664
CAT,AXP,5,0.7876547288584683
CAT,AXP,15,0.7408772172518309
AXP,CAT,5,0.8067611628322734
AXP,CAT,15,0.709779901624787
CAT,GM,5,0.8387300676715614
CAT,GM,15,0.7978739350317822
GM,CAT,5,0.8637259728082007
GM,CAT,15,0.811609344881265
GM,CAT,25,0.7756642311148908
CSX,CAT,5,0.8171294401212685
CSX,CAT,15,0.779477852213943
CAT,NSC,5,0.895373175954684
CAT,NSC,15,0.8223744441221366
CAT,NSC,25,0.7192134547769724
NSC,CAT,5,0.8862580500293492
NSC,CAT,15,0.7994697141439221
CAT,COF,5,0.7193276441780208
CAT,COF,15,0.7579159277351661
CAT,COF,25,0.7327668174628279
RTX,IBM,5,0.7146215703186591
RTX,IBM,15,0.7168370036431494
IBM,GE,5,0.7619728630700168
IBM,GE,15,0.7025448559723305
GILD,IBM,5,0.7638194965531621
GILD,IBM,15,0.8097550606901022
GILD,IBM,25,0.7093518584934128
CME,IBM,5,0.7577349551770732
CME,IBM,15,0.7531349839263249
CME,IBM,25,0.7384350908675997
MS,GS,5,0.9168319702490324
MS,GS,15,0.819934076700213
MS,GS,25,0.7239558381708885
GS,MS,5,0.9310721717561262
GS,MS,15,0.8184616974965876
MS,RTX,5,0.7793407223266824
MS,RTX,15,0.761483773763095
MS,RTX,25,0.7286854195720546
RTX,MS,5,0.7927420400866797
RTX,MS,15,0.7483316785026443
MS,BLK,5,0.8669120499000332
MS,BLK,15,0.8000835419713798
MS,BLK,25,0.7146737566937433
BLK,MS,5,0.8706236220966345
BLK,MS,15,0.800166405887167
MDT,MS,5,0.7485216245602799
MDT,MS,15,0.7694877605069558
MDT,MS,25,0.7357313710011185
MS,GE,5,0.8192054835090764
MS,GE,15,0.7772531482008103
MS,GE,25,0.7517960666008868
GE,MS,5,0.8118198557936178
GE,MS,15,0.7267029678333923
MS,ADI,5,0.7745640676750851
MS,ADI,15,0.7004598144248383
ADI,MS,5,0.8096746199663387
ADI,MS,15,0.7162338397894283
MS,C,5,0.892988397978526
MS,C,15,0.8080589144821695
MS,C,25,0.7231101752948385
C,MS,5,0.9103582582333072
C,MS,15,0.8204805060382284
MS,LRCX,5,0.8659151283214633
MS,LRCX,15,0.7930002029105664
MS,LRCX,25,0.7612557375126691
LRCX,MS,5,0.8758925543328965
LRCX,MS,15,0.8383794306515618
LRCX,MS,25,0.7446718209227511
MS,SCHW,5,0.7902132630986936
MS,SCHW,15,0.7611933251053715
MS,SCHW,25,0.7662664901935099
MS,AXP,5,0.8532219946592133
MS,AXP,15,0.724567752740311
GM,MS,5,0.7471944026801889
GM,MS,15,0.7132363178651449
GM,MS,25,0.7417584433897867
CSX,MS,5,0.7237018666204904
CSX,MS,15,0.7081962047015621
MS,NSC,5,0.8638984908111499
MS,NSC,15,0.7504373861059597
NSC,MS,5,0.8882366625556323
NSC,MS,15,0.8161744882446509
MS,COF,5,0.8515218969839806
MS,COF,15,0.7805087068745005
BKNG,INTU,5,0.783462454298212
BKNG,INTU,15,0.7630987727413492
SCHW,INTU,5,0.7006733520504022
SCHW,INTU,15,0.7405815085143861
SCHW,INTU,25,0.706160198199476
T,DE,5,0.7709408346838573
T,DE,15,0.783358651297584
T,DE,25,0.7842982811128684
CME,DE,5,0.8034477750795507
CME,DE,15,0.7507221945870627
CME,DE,25,0.7185052286398387
GS,RTX,5,0.8604977359515013
GS,RTX,15,0.8266071411246231
GS,RTX,25,0.7913755791592868
RTX,GS,5,0.859636006411039
RTX,GS,15,0.8406809323007642
RTX,GS,25,0.7912996637341009
GS,BLK,5,0.8644755752462443
GS,BLK,15,0.7976764200171574
GS,BLK,25,0.7076221367074127
BLK,GS,5,0.8782634836321676
BLK,GS,15,0.8211841488102455
BLK,GS,25,0.7252696645020749
MDT,GS,5,0.7909928830843136
MDT,GS,15,0.8195781173587379
MDT,GS,25,0.7865201121259885
GS,GE,5,0.8841103220821501
GS,GE,15,0.8433685062989231
GS,GE,25,0.8136269664265308
GE,GS,5,0.876189833512621
GE,GS,15,0.8133013872899846
GE,GS,25,0.7263919938891261
GS,ADI,5,0.7966651742142309
GS,ADI,15,0.7293578203584886
ADI,GS,5,0.8078809510537154
ADI,GS,15,0.7231200299866148
GS,BKNG,5,0.727569761455019
GS,BKNG,15,0.7882005343503802
GS,BKNG,25,0.8112753026975195
GS,C,5,0.9432025822812504
GS,C,15,0.8533539551848045
GS,C,25,0.7560020550778076
C,GS,5,0.9497241844965972
C,GS,15,0.8719788672445304
C,GS,25,0.7715711088476268
GS,LRCX,5,0.8765796389817995
GS,LRCX,15,0.8040045471564
GS,LRCX,25,0.7833102599536282
LRCX,GS,5,0.890188847525432
LRCX,GS,15,0.8726774970328202
LRCX,GS,25,0.8024828286677396
GS,MO,5,0.747342994605919
GS,MO,15,0.7444202870104331
GS,MO,25,0.7584054462306086
MO,GS,5,0.7572072983204987
MO,GS,15,0.7355265202326587
MO,GS,25,0.7322010726902553
GS,SCHW,5,0.8615365159333618
GS,SCHW,15,0.8315775473072572
GS,SCHW,25,0.8276957657766921
GS,AXP,5,0.8298115623829498
GS,AXP,15,0.7220792916461121
GS,NSC,5,0.8610110994174165
GS,NSC,15,0.748651051190438
NSC,GS,5,0.8784325281238161
NSC,GS,15,0.8346751510268283
NSC,GS,25,0.7453823867430188
GS,COF,5,0.8999270314316244
GS,COF,15,0.8377468295481543
GS,COF,25,0.7156354068776436
COF,GS,5,0.8720837281426592
COF,GS,15,0.7095114421522655
BLK,RTX,5,0.7426752950788664
BLK,RTX,15,0.7361080992899971
BLK,RTX,25,0.7310325430152815
MDT,RTX,5,0.7845205329743435
MDT,RTX,15,0.7471331500343863
MDT,RTX,25,0.715806960271867
RTX,GE,5,0.9655843916339704
RTX,GE,15,0.952227864853598
RTX,GE,25,0.9297730826593196
GE,RTX,5,0.9544115193907048
GE,RTX,15,0.9147979861881084
GE,RTX,25,0.8771529449743788
RTX,GILD,5,0.8222463411740162
RTX,GILD,15,0.7809769440080697
RTX,GILD,25,0.7402344954799915
GILD,RTX,5,0.8385492792927972
GILD,RTX,15,0.8274303425635139
GILD,RTX,25,0.7658795509763106
RTX,C,5,0.8927012223648426
RTX,C,15,0.8624711767573606
RTX,C,25,0.8290023294287585
C,RTX,5,0.8789646875079088
C,RTX,15,0.8445189062980458
C,RTX,25,0.8048742431688685
RTX,CVS,5,0.7865824573708128
RTX,CVS,15,0.7125080690065397
CVS,RTX,5,0.8063135680624071
CVS,RTX,15,0.8276550814142015
CVS,RTX,25,0.7893853364550597
RTX,LRCX,5,0.8809804840557943
RTX,LRCX,15,0.8681915694536416
RTX,LRCX,25,0.8541358925479277
LRCX,RTX,5,0.8611191196622755
LRCX,RTX,15,0.8587086663804255
LRCX,RTX,25,0.8304314848826321
RTX,MO,5,0.8874720221039591
RTX,MO,15,0.8677130642321902
RTX,MO,25,0.8482799774653921
MO,RTX,5,0.9237723390119594
MO,RTX,15,0.925579665704367
MO,RTX,25,0.9343105397461527
RTX,T,5,0.7391376114135987
RTX,T,15,0.7824389201048522
RTX,T,25,0.8217855846917393
RTX,SCHW,5,0.8781768118510259
RTX,SCHW,15,0.8618284378479872
RTX,SCHW,25,0.8677104349180874
SCHW,RTX,5,0.8727533845173747
SCHW,RTX,15,0.8183692551917855
SCHW,RTX,25,0.7774259746345553
RTX,SO,5,0.8506357897079309
RTX,SO,15,0.7867271799504834
RTX,SO,25,0.7205375610000424
SO,RTX,5,0.8762424531959819
SO,RTX,15,0.8800631730755349
SO,RTX,25,0.8653351252039654
RTX,DUK,5,0.8137352415722019
RTX,DUK,15,0.7447520119287602
DUK,RTX,5,0.8493251183409654
DUK,RTX,15,0.8666814078880626
DUK,RTX,25,0.8548981660153779
RTX,CME,5,0.7033362428498533
RTX,CME,15,0.7347546901348437
RTX,CME,25,0.7626194387730708
NSC,RTX,5,0.7614627303777415
NSC,RTX,15,0.7587126839104787
NSC,RTX,25,0.7722312113577777
RTX,COF,5,0.7937920192559468
RTX,COF,15,0.7989915230105944
RTX,COF,25,0.783754604488725
COF,RTX,5,0.7699117324103775
COF,RTX,15,0.7298356300346637
BLK,GE,5,0.7504560028490882
BLK,GE,15,0.750781527486324
BLK,GE,25,0.7523604856660893
BLK,ADI,5,0.7794718943112996
BLK,ADI,15,0.7497072883878773
BLK,BKNG,5,0.7061667977830639
BLK,BKNG,15,0.8148229082325594
BLK,BKNG,25,0.8339180868169329
BLK,C,5,0.8426265418792379
BLK,C,15,0.7843348670641536
C,BLK,5,0.843185908062645
C,BLK,15,0.7993945469968944
C,BLK,25,0.7116969313120635
BLK,LRCX,5,0.8133353832690448
BLK,LRCX,15,0.7685346014011535
BLK,LRCX,25,0.7527932926157425
LRCX,BLK,5,0.7972899398183984
LRCX,BLK,15,0.7534341440677447
BLK,SCHW,5,0.7706466819408134
BLK,SCHW,15,0.7765983839962753
BLK,SCHW,25,0.7817358939979545
BLK,AXP,5,0.7818231288830194
BLK,AXP,15,0.7012701245355186
AXP,BLK,5,0.7875980099209299
AXP,BLK,15,0.7188683288951205
BLK,GM,5,0.81731319083132
BLK,GM,15,0.7222085961446189
GM,BLK,5,0.8116645751419543
GM,BLK,15,0.7988185872000141
GM,BLK,25,0.7748847353454374
CSX,BLK,5,0.7816919686812765
CSX,BLK,15,0.7366081866646038
BLK,NSC,5,0.8984037689623672
BLK,NSC,15,0.8123276812204756
NSC,BLK,5,0.8784254438555908
NSC,BLK,15,0.811613168246872
NSC,BLK,25,0.7035193833593177
BLK,EMR,5,0.8064397052622486
BLK,EMR,15,0.7530756613275842
BLK,COF,5,0.7904942075578573
BLK,COF,15,0.7814243145323917
MDT,GE,5,0.7772462682620277
MDT,GE,15,0.7644665320006242
MDT,GE,25,0.7300292349073223
GILD,MDT,5,0.7130730268954754
GILD,MDT,15,0.7088785419305801
MDT,C,5,0.8253016453922972
MDT,C,15,0.8560321714516902
MDT,C,25,0.8260406930637212
CVS,MDT,5,0.7488536244996251
CVS,MDT,15,0.7476062337024224
MDT,LRCX,5,0.7687566581357324
MDT,LRCX,15,0.7691068536521694
MDT,LRCX,25,0.7590567649712854
SO,MDT,5,0.7210038999872166
SO,MDT,15,0.7200478651752078
DUK,MDT,5,0.7270231043239322
DUK,MDT,15,0.7558385256182273
MDT,COF,5,0.7154500195069287
MDT,COF,15,0.7829814648915341
MDT,COF,25,0.7779642982473194
ADI,GE,5,0.7287937795673535
ADI,GE,15,0.7121206882451413
GE,BKNG,5,0.7007923760974357
GE,BKNG,15,0.7389396466931804
GE,BKNG,25,0.7165991080552802
GE,GILD,5,0.784028344720061
GE,GILD,15,0.7394349570058115
GE,GILD,25,0.7310713071037298
GILD,GE,5,0.8386281809858493
GILD,GE,15,0.8484547392024478
GILD,GE,25,0.8066798315448572
GE,C,5,0.8968158947734234
GE,C,15,0.843359078846579
GE,C,25,0.7687960165800984
C,GE,5,0.9015072547828564
C,GE,15,0.8549568794532472
C,GE,25,0.8213969785241375
GE,CVS,5,0.7649976803024785
GE,CVS,15,0.7073806210101973
CVS,GE,5,0.8018953286641404
CVS,GE,15,0.8106198886177335
CVS,GE,25,0.7940225002646858
GE,LRCX,5,0.8778776794772306
GE,LRCX,15,0.8258303368245015
GE,LRCX,25,0.784817770502619
LRCX,GE,5,0.8921767057113031
LRCX,GE,15,0.8771541595216641
LRCX,GE,25,0.8508109859521985
GE,MO,5,0.8895561521962411
GE,MO,15,0.8727600741878393
GE,MO,25,0.8718774707001525
MO,GE,5,0.9099697599846724
MO,GE,15,0.9138456963450816
MO,GE,25,0.9157398629386344
GE,T,5,0.7466342715949209
GE,T,15,0.7953361004525102
GE,T,25,0.8330553303707248
GE,SCHW,5,0.9051427004904308
GE,SCHW,15,0.8652033317308967
GE,SCHW,25,0.8416239715066465
SCHW,GE,5,0.9030701020606194
SCHW,GE,15,0.8403179519169989
SCHW,GE,25,0.7906393082578925
GE,SO,5,0.8213681068213432
GE,SO,15,0.7641528767167135
GE,SO,25,0.7302950543359584
SO,GE,5,0.8598332203561784
SO,GE,15,0.8756208798383375
SO,GE,25,0.869315109691641
GE,DUK,5,0.7922636692791063
GE,DUK,15,0.7412682418827501
GE,DUK,25,0.7303883143084692
DUK,GE,5,0.8265147962457325
DUK,GE,15,0.8349168388683041
DUK,GE,25,0.8404749930120978
GE,CME,5,0.7292254408404819
GE,CME,15,0.7454279901995993
GE,CME,25,0.7876887094951304
NSC,GE,5,0.7809063491791723
NSC,GE,15,0.7886849924281328
NSC,GE,25,0.7831407741269228
GE,COF,5,0.8226462715029658
GE,COF,15,0.8023863908481936
GE,COF,25,0.7151297737739174
COF,GE,5,0.8128812108257711
COF,GE,15,0.7423598546885327
COF,GE,25,0.7087761705129918
ADI,BKNG,5,0.7682916347208548
ADI,BKNG,15,0.7483673615901814
ADI,BKNG,25,0.7019812054602148
C,ADI,5,0.7753397056918326
C,ADI,15,0.7253064629008175
LRCX,ADI,5,0.7173913289858145
LRCX,ADI,15,0.7101781567585768
ADI,SCHW,5,0.7326246794872657
ADI,SCHW,15,0.7689464550281588
ADI,SCHW,25,0.7368319973715962
NSC,ADI,5,0.7761663503497364
NSC,ADI,15,0.7638353496001039
ADI,COF,5,0.8022264005139756
ADI,COF,15,0.7379866728122416
MMC,ELV,5,0.7280215471469278
MMC,ELV,15,0.7071972225960399
C,BKNG,5,0.7125407198818366
C,BKNG,15,0.7863026362228951
C,BKNG,25,0.8185301003983089
BKNG,SCHW,5,0.7991280675625172
BKNG,SCHW,15,0.7009721663552507
SCHW,BKNG,5,0.795111709051844
SCHW,BKNG,15,0.7485529995439363
SCHW,BKNG,25,0.7011127609868532
EMR,BKNG,5,0.7678315741619587
EMR,BKNG,15,0.7676732075538909
EMR,BKNG,25,0.7183429415662071
COF,BKNG,5,0.7566363600903462
COF,BKNG,15,0.7111184249706943
COF,BKNG,25,0.7415243048879758
GILD,C,5,0.7135547134223172
GILD,C,15,0.7660508113561831
GILD,C,25,0.7475419287206218
GILD,CVS,5,0.8128648394111443
GILD,CVS,15,0.7372889919754768
CVS,GILD,5,0.8397654285322984
CVS,GILD,15,0.8185227054637034
CVS,GILD,25,0.7868163296456928
GILD,MO,5,0.791207727940638
GILD,MO,15,0.7190226349913091
MO,GILD,5,0.8398675716811098
MO,GILD,15,0.8509855187075387
MO,GILD,25,0.8450417824592393
GILD,T,5,0.8383296636093068
GILD,T,15,0.8195470839547465
GILD,T,25,0.7527048550915597
T,GILD,5,0.839588597407612
T,GILD,15,0.8413588271485115
T,GILD,25,0.767919750825563
GILD,SCHW,5,0.720037777477544
GILD,SCHW,15,0.7532831068628428
GILD,SCHW,25,0.7006447057648654
GILD,SO,5,0.8207804628559727
GILD,SO,15,0.7090874617908037
SO,GILD,5,0.8522368954714916
SO,GILD,15,0.8392293556031389
SO,GILD,25,0.8263611288986354
GILD,DUK,5,0.8201898142523592
GILD,DUK,15,0.7186082925132096
DUK,GILD,5,0.8637378951866596
DUK,GILD,15,0.8434679503201675
DUK,GILD,25,0.8407810012934473
GILD,CME,5,0.80285968397274
GILD,CME,15,0.779224438592793
GILD,CME,25,0.7244997916804498
CME,GILD,5,0.8030519986813427
CME,GILD,15,0.7717404726906142
CME,GILD,25,0.7484221291351427
C,LRCX,5,0.868758387412208
C,LRCX,15,0.8085312914288678
C,LRCX,25,0.8059740934429752
LRCX,C,5,0.877571080080447
LRCX,C,15,0.8649941260752472
LRCX,C,25,0.8141104963977419
C,MO,5,0.7642276445917147
C,MO,15,0.750671858328488
C,MO,25,0.7518511155970672
MO,C,5,0.7823741890332759
MO,C,15,0.786983717690721
MO,C,25,0.7950596555067622
C,SCHW,5,0.8714183016452087
C,SCHW,15,0.848881928449862
C,SCHW,25,0.8382719986457449
SCHW,C,5,0.8362559975107625
SCHW,C,15,0.7097885573897654
SO,C,5,0.705279949918679
SO,C,15,0.734050172014409
SO,C,25,0.7433869487418814
C,AXP,5,0.803053215260827
C,AXP,15,0.7276812857746106
C,NSC,5,0.8194725678124927
C,NSC,15,0.7317101007856172
NSC,C,5,0.8438373612280452
NSC,C,15,0.8121872062716635
NSC,C,25,0.7423071327532137
C,COF,5,0.9032109848125972
C,COF,15,0.8556079804487612
C,COF,25,0.7390289665661247
COF,C,5,0.868706614404011
COF,C,15,0.7101681585219328
CVS,LRCX,5,0.7120152251275723
CVS,LRCX,15,0.7000316762920193
CVS,LRCX,25,0.7131415272668283
CVS,MO,5,0.8399718853402046
CVS,MO,15,0.7738031489040393
CVS,MO,25,0.7170655547174797
MO,CVS,5,0.8431611080134981
MO,CVS,15,0.8030535888800737
MO,CVS,25,0.7534057023908839
CVS,T,5,0.7716365963239139
CVS,T,15,0.779028546688394
CVS,T,25,0.7825410605766248
CVS,SO,5,0.8362457698702865
CVS,SO,15,0.7208398330154817
SO,CVS,5,0.8444899795489174
SO,CVS,15,0.8260560678699839
SO,CVS,25,0.760610677347078
CVS,DUK,5,0.8889413580988791
CVS,DUK,15,0.7699861014263671
DUK,CVS,5,0.8801179363923737
DUK,CVS,15,0.8133472489919227
DUK,CVS,25,0.7266244419256147
LRCX,MO,5,0.7925023730774043
LRCX,MO,15,0.8243055229319568
LRCX,MO,25,0.8537855231334202
MO,LRCX,5,0.7668215628970673
MO,LRCX,15,0.7454658943005628
MO,LRCX,25,0.7741515547213567
LRCX,SCHW,5,0.7653411516926287
LRCX,SCHW,15,0.7844479016637712
LRCX,SCHW,25,0.7974480923877747
SO,LRCX,5,0.7469469579061819
SO,LRCX,15,0.75328353561543
SO,LRCX,25,0.7483609988426132
LRCX,AXP,5,0.7593180168798752
LRCX,AXP,15,0.7099830780618941
DUK,LRCX,5,0.7021506903694295
DUK,LRCX,15,0.727877505354948
DUK,LRCX,25,0.757106470489022
GM,LRCX,5,0.7275755076191879
GM,LRCX,15,0.760158356042577
GM,LRCX,25,0.8169568764596146
LRCX,NSC,5,0.8067460070876801
LRCX,NSC,15,0.7463502266239141
NSC,LRCX,5,0.818216266607211
NSC,LRCX,15,0.7878306348274094
NSC,LRCX,25,0.7851521213262456
LRCX,COF,5,0.7625288657802326
LRCX,COF,15,0.7990982700318896
LRCX,COF,25,0.7542166745980876
REGN,TGT,5,0.8695570941412288
REGN,TGT,15,0.8930235821282759
REGN,TGT,25,0.8783783150718265
TGT,REGN,5,0.8353105743997784
TGT,REGN,15,0.7512962080304684
TGT,REGN,25,0.715570160379968
REGN,BDX,5,0.8129662639566473
REGN,BDX,15,0.7837597159553792
REGN,BDX,25,0.7370070542373905
BDX,REGN,5,0.811749224096076
BDX,REGN,15,0.8136413044125653
BDX,REGN,25,0.7840588452622866
REGN,FDX,5,0.8630630202019474
REGN,FDX,15,0.8571293732116192
REGN,FDX,25,0.8544521364251896
FDX,REGN,5,0.8135930864547428
FDX,REGN,15,0.7600193360801896
MO,T,5,0.8242980947882729
MO,T,15,0.862333604839899
MO,T,25,0.8762267957841561
MO,SCHW,5,0.84121150399609
MO,SCHW,15,0.8329996467374345
MO,SCHW,25,0.8366173908786986
SCHW,MO,5,0.8079995761625686
SCHW,MO,15,0.7576037770932212
SCHW,MO,25,0.750005088887843
MO,SO,5,0.8913754511998846
MO,SO,15,0.9013240191835902
MO,SO,25,0.8621369447786459
SO,MO,5,0.844435009557547
SO,MO,15,0.786239963371149
SO,MO,25,0.7745815480111208
MO,DUK,5,0.9018728356208244
MO,DUK,15,0.8790379397889719
MO,DUK,25,0.8331665243218659
DUK,MO,5,0.864714990600683
DUK,MO,15,0.7799451830195103
DUK,MO,25,0.7463162861923206
MO,CME,5,0.7420678230942821
MO,CME,15,0.7740198014719518
MO,CME,25,0.8182414905272792
T,SO,5,0.7150945943375066
T,SO,15,0.7114747411779236
SO,T,5,0.7691844482558616
SO,T,15,0.8426952463588508
SO,T,25,0.8715530175464355
T,DUK,5,0.7683172199163671
T,DUK,15,0.7454460168733316
DUK,T,5,0.7789968744709695
DUK,T,15,0.8034682184708956
DUK,T,25,0.8442207081195926
T,CME,5,0.888509360926624
T,CME,15,0.8753943841938729
T,CME,25,0.8641006615811277
CME,T,5,0.884452477848351
CME,T,15,0.8672532752911079
CME,T,25,0.8455632923099442
SCHW,SO,5,0.7565705912685569
SCHW,SO,15,0.7381200991515748
SO,SCHW,5,0.7486127398039323
SO,SCHW,15,0.7214654004725006
SO,SCHW,25,0.734636081013891
NSC,SCHW,5,0.7685716785124735
NSC,SCHW,15,0.7614895621549963
NSC,SCHW,25,0.7933768476919932
SCHW,COF,5,0.8296170673114229
SCHW,COF,15,0.7068134706159109
COF,SCHW,5,0.8468362596929523
COF,SCHW,15,0.7584938866974683
COF,SCHW,25,0.7255352935601277
SO,DUK,5,0.8682927300946089
SO,DUK,15,0.7849738439743563
SO,DUK,25,0.7155565140535132
DUK,SO,5,0.9083292873579604
DUK,SO,15,0.827333153845773
DUK,SO,25,0.7118661096998683
SO,CME,5,0.7356639735692705
SO,CME,15,0.7547759549190288
SO,CME,25,0.7844527741965447
NSC,AXP,5,0.7613652087238304
NSC,AXP,15,0.7122632411723787
ZTS,TGT,5,0.7582059722061761
ZTS,TGT,15,0.7212422427418989
CL,MMC,5,0.7572136745592075
CL,MMC,15,0.7887113055436834
CL,MMC,25,0.7170804720499159
DUK,CME,5,0.7279592060463348
DUK,CME,15,0.7117116484511464
DUK,CME,25,0.7411580197705987
CME,DUK,5,0.7364498198885394
CME,DUK,15,0.7080966668767127
EOG,TGT,5,0.7535649350152062
EOG,TGT,15,0.740663469138849
BDX,TGT,5,0.792140475459275
BDX,TGT,15,0.8428610720154044
BDX,TGT,25,0.8731742662814854
TGT,FDX,5,0.8430324852327178
TGT,FDX,15,0.8458334377208724
TGT,FDX,25,0.8246204366395278
FDX,TGT,5,0.8453419872374203
FDX,TGT,15,0.8019639661052116
FDX,TGT,25,0.7098624018562583
PNC,CSX,5,0.7516789271400566
PNC,CSX,15,0.7012214015638354
BDX,FDX,5,0.7603143991052169
BDX,FDX,15,0.8464241740197112
BDX,FDX,25,0.8899751184184009
GM,NSC,5,0.7828946186156245
GM,NSC,15,0.804039534511428
GM,NSC,25,0.7837481447190586
NSC,GM,5,0.8032798603115482
NSC,GM,15,0.7057308239391334
CSX,NSC,5,0.8243564902918642
CSX,NSC,15,0.7209712415640108
CSX,EMR,5,0.7692527096609525
CSX,EMR,15,0.7198398224657396
NSC,EMR,5,0.7618278009380508
NSC,EMR,15,0.7003699224235045
NSC,COF,5,0.7948968801849039
NSC,COF,15,0.8031298762437207
NSC,COF,25,0.7264763188842024
AAPL,CAT,15,0.7180594831643223
AAPL,CAT,25,0.77890837994617
AAPL,PNC,15,0.8019003865471463
AAPL,PNC,25,0.7702339060178612
AAPL,GM,15,0.7407416538465368
AAPL,GM,25,0.8487291102047025
GM,MSFT,15,0.7588992621013662
GM,MSFT,25,0.815389858182815
ABBV,GOOGL,15,0.732871870096577
ABBV,GOOGL,25,0.7394568004651776
GOOGL,RTX,15,0.7026581292017665
GOOGL,RTX,25,0.7083597777114994
PLD,GOOGL,15,0.7018542045600701
PLD,GOOGL,25,0.7804907958804567
MDT,GOOGL,15,0.7221495453206801
MDT,GOOGL,25,0.7062220267273426
NVDA,NFLX,15,0.7331624644045336
NVDA,NFLX,25,0.7742076048969295
NVDA,INTU,15,0.755928032423232
NVDA,INTU,25,0.7772667848034575
NVDA,MO,15,0.7136065170369866
NVDA,MO,25,0.752433563803492
ABBV,META,15,0.7665683033040256
ABBV,META,25,0.8043333613133193
GILD,META,15,0.7518715915337777
GILD,META,25,0.7058462255090568
TSLA,GM,15,0.7439505152569921
TSLA,GM,25,0.7420640726369702
DUK,JPM,15,0.7250756595739293
DUK,JPM,25,0.774694802716881
UNH,PEP,15,0.7366789238968133
UNH,PEP,25,0.7621058800904207
UNH,DHR,15,0.7591350798683096
UNH,DHR,25,0.7490817919765907
UNH,TMO,15,0.8240375099813728
UNH,TMO,25,0.8654511117191802
TMO,HD,15,0.7022936239957951
TMO,HD,25,0.7671987968663889
INTC,AVGO,15,0.7141631037018488
INTC,AVGO,25,0.770969410244457
GILD,AVGO,15,0.7114260701272666
GILD,AVGO,25,0.7605284658618511
SO,AVGO,15,0.7174130206938433
SO,AVGO,25,0.7619458717973375
PEP,NKE,15,0.7739416696378504
PEP,NKE,25,0.7478181640022372
MRK,ADBE,15,0.7296951241954084
MRK,ADBE,25,0.7273470115568728
ABBV,ORCL,15,0.7198751124488507
ABBV,ORCL,25,0.7088274185553675
ORCL,NFLX,15,0.727114770456932
ORCL,NFLX,25,0.7884514596839814
ABBV,CSCO,15,0.7291594396518875
ABBV,CSCO,25,0.7457800511504055
ABBV,MS,15,0.7405384446855443
ABBV,MS,25,0.7902880552921373
ABBV,COF,15,0.735637747131646
ABBV,COF,25,0.8200374571644216
ACN,DHR,15,0.7113982818177649
ACN,DHR,25,0.7016109817657181
DUK,CSCO,15,0.7367653947004429
DUK,CSCO,25,0.8008749076114761
LRCX,NFLX,15,0.7091459696561798
LRCX,NFLX,25,0.7303121574943349
BDX,CRM,15,0.7667850068946431
BDX,CRM,25,0.8382847475505053
TMO,NKE,15,0.7261398653258817
TMO,NKE,25,0.7081762216878761
TMO,LOW,15,0.7134700918357504
TMO,LOW,25,0.7515442680784057
TMO,USB,15,0.7215352181609644
TMO,USB,25,0.821513378127659
INTC,MS,15,0.7153936615976313
INTC,MS,25,0.7225933513366076
INTC,GS,15,0.7263340829247331
INTC,GS,25,0.7466365651688075
INTC,C,15,0.7136783428823987
INTC,C,25,0.7762262756415607
GILD,WMT,15,0.7103169470740487
GILD,WMT,25,0.7184966740928523
INTU,PM,15,0.7414393040599645
INTU,PM,25,0.7765323653591428
RTX,PM,15,0.7202462477216734
RTX,PM,25,0.7656418006443262
GE,PM,15,0.7375576100707244
GE,PM,25,0.7756355956665301
SCHW,PM,15,0.7231870286159698
SCHW,PM,25,0.7963538604268418
AMD,BKNG,15,0.7128423193397783
AMD,BKNG,25,0.7507691036057242
AMD,SCHW,15,0.7262389176542013
AMD,SCHW,25,0.7516593849872042
PNC,AMD,15,0.7080604482579251
PNC,AMD,25,0.7289543835605483
AMD,COF,15,0.7256236938611422
AMD,COF,25,0.7362691594814789
CAT,BKNG,15,0.7265827180476457
CAT,BKNG,25,0.768909355661688
CAT,SCHW,15,0.7068484492150323
CAT,SCHW,25,0.7671250268547655
SO,IBM,15,0.7598545964905935
SO,IBM,25,0.7649692167760228
MS,BKNG,15,0.731198626255848
MS,BKNG,25,0.7704823494029562
EMR,INTU,15,0.7669165198029325
EMR,INTU,25,0.7797050118986375
GILD,DE,15,0.7420572658304754
GILD,DE,25,0.7200100987547537
GM,GS,15,0.7300638350522497
GM,GS,25,0.77877012898107
RTX,BKNG,15,0.7328825722087543
RTX,BKNG,25,0.7461639916009127
CL,ELV,15,0.7656907553612432
CL,ELV,25,0.7846945423049161
NSC,BKNG,15,0.7622126901432997
NSC,BKNG,25,0.8046751161249732
GILD,LRCX,15,0.7128309097167181
GILD,LRCX,25,0.7029812118338977
GILD,COF,15,0.7054884652915195
GILD,COF,25,0.7124908985389253
DUK,C,15,0.7222245392683018
DUK,C,25,0.7698135784542138
CME,CVS,15,0.7348762079732699
CME,CVS,25,0.7174953081673473
SCHW,CME,15,0.7037784038990809
SCHW,CME,25,0.7752762021999169
